full_name,full_url,was_top_75,last_year_played,num_all_stars,max_games_started,total_games_started
Trae Young,https://www.basketball-reference.com/players/y/youngtr01.html,0,2025,4,81,483
Dorell Wright,https://www.basketball-reference.com/players/w/wrighdo01.html,0,2015,0,82,222
Metta World Peace,https://www.basketball-reference.com/players/a/artesro01.html,0,2017,1,82,946
Randy Wittman,https://www.basketball-reference.com/players/w/wittmra01.html,0,1992,0,82,275
Brian Winters,https://www.basketball-reference.com/players/w/wintebr01.html,0,1983,2,13,25
Kevin Willis,https://www.basketball-reference.com/players/w/willike02.html,0,2007,1,81,1036
Zion Williamson,https://www.basketball-reference.com/players/w/willizi01.html,0,2025,2,70,214
Ray Williams,https://www.basketball-reference.com/players/w/willira01.html,0,1987,0,82,343
Mo Williams,https://www.basketball-reference.com/players/w/willima01.html,0,2016,1,81,614
Jayson Williams,https://www.basketball-reference.com/players/w/willija01.html,0,2000,1,65,158
Jalen Williams,https://www.basketball-reference.com/players/w/willija06.html,0,2025,1,71,202
Gus Williams,https://www.basketball-reference.com/players/w/willigu01.html,0,1987,2,82,467
Deron Williams,https://www.basketball-reference.com/players/w/willide01.html,0,2017,3,82,880
Buck Williams,https://www.basketball-reference.com/players/w/willibu01.html,0,1998,3,82,1140
Alvin Williams,https://www.basketball-reference.com/players/w/willial02.html,0,2007,0,82,347
Gerald Wilkins,https://www.basketball-reference.com/players/w/wilkige01.html,0,1999,0,82,653
Jamaal Wilkes,https://www.basketball-reference.com/players/w/wilkeja01.html,0,1986,3,82,491
Andrew Wiggins,https://www.basketball-reference.com/players/w/wiggian01.html,0,2025,1,82,868
Jo Jo White,https://www.basketball-reference.com/players/w/whitejo01.html,0,1981,7,82,164
Paul Westphal,https://www.basketball-reference.com/players/w/westppa01.html,0,1984,5,82,155
Mark West,https://www.basketball-reference.com/players/w/westma01.html,0,2000,0,82,614
David West,https://www.basketball-reference.com/players/w/westda01.html,0,2018,2,81,742
David Wesley,https://www.basketball-reference.com/players/w/wesleda01.html,0,2007,0,82,875
Victor Wembanyama,https://www.basketball-reference.com/players/w/wembavi01.html,0,2025,1,71,117
Scott Wedman,https://www.basketball-reference.com/players/w/wedmasc01.html,0,1987,2,82,222
Chris Webber,https://www.basketball-reference.com/players/w/webbech01.html,0,2008,5,76,954
Clarence Weatherspoon,https://www.basketball-reference.com/players/w/weathcl01.html,0,2005,0,82,662
Slick Watts,https://www.basketball-reference.com/players/w/wattssl01.html,0,1979,0,82,82
Charlie Ward,https://www.basketball-reference.com/players/w/wardch01.html,0,2005,0,82,295
Rasheed Wallace,https://www.basketball-reference.com/players/w/wallara01.html,0,2013,4,80,1022
Gerald Wallace,https://www.basketball-reference.com/players/w/wallage01.html,0,2015,1,76,732
Ben Wallace,https://www.basketball-reference.com/players/w/wallabe01.html,0,2012,4,82,984
John Wall,https://www.basketball-reference.com/players/w/walljo01.html,0,2023,5,82,604
Kemba Walker,https://www.basketball-reference.com/players/w/walkeke02.html,0,2024,4,82,697
Antoine Walker,https://www.basketball-reference.com/players/w/walkean02.html,0,2008,3,82,784
Nikola Vučević,https://www.basketball-reference.com/players/v/vucevni01.html,0,2025,2,82,978
Loy Vaught,https://www.basketball-reference.com/players/v/vaughlo01.html,0,2001,0,82,355
Kiki Vandeweghe,https://www.basketball-reference.com/players/v/vandeki01.html,0,1993,2,79,549
Fred VanVleet,https://www.basketball-reference.com/players/v/vanvlfr01.html,0,2025,1,73,401
Nick Van Exel,https://www.basketball-reference.com/players/v/vanexni01.html,0,2006,1,80,716
Tom Van Arsdale,https://www.basketball-reference.com/players/v/vanarto01.html,0,1977,3,78,150
Jonas Valančiūnas,https://www.basketball-reference.com/players/v/valanjo01.html,0,2025,0,82,896
Evan Turner,https://www.basketball-reference.com/players/t/turneev01.html,0,2020,0,82,351
Hedo Türkoğlu,https://www.basketball-reference.com/players/t/turkohe01.html,0,2015,0,82,643
P.J. Tucker,https://www.basketball-reference.com/players/t/tuckepj01.html,0,2025,0,82,731
Kelly Tripucka,https://www.basketball-reference.com/players/t/tripuke01.html,0,1992,2,82,575
Karl-Anthony Towns,https://www.basketball-reference.com/players/t/townska01.html,0,2025,5,82,645
Andrew Toney,https://www.basketball-reference.com/players/t/toneyan01.html,0,1988,2,81,303
Sedale Threatt,https://www.basketball-reference.com/players/t/threase01.html,0,1998,0,82,312
Otis Thorpe,https://www.basketball-reference.com/players/t/thorpot01.html,0,2001,1,82,1090
Tristan Thompson,https://www.basketball-reference.com/players/t/thomptr01.html,0,2025,0,82,484
Klay Thompson,https://www.basketball-reference.com/players/t/thompkl01.html,0,2025,5,82,814
David Thompson,https://www.basketball-reference.com/players/t/thompda01.html,0,1984,5,82,151
Kurt Thomas,https://www.basketball-reference.com/players/t/thomaku01.html,0,2013,0,82,698
Isaiah Thomas,https://www.basketball-reference.com/players/t/thomais02.html,0,2024,2,79,379
Reggie Theus,https://www.basketball-reference.com/players/t/theusre01.html,0,1993,2,82,942
Jeff Teague,https://www.basketball-reference.com/players/t/teaguje01.html,0,2021,1,82,624
Brian Taylor,https://www.basketball-reference.com/players/t/taylobr01.html,0,1982,2,40,40
Jayson Tatum,https://www.basketball-reference.com/players/t/tatumja01.html,0,2025,6,80,585
Wally Szczerbiak,https://www.basketball-reference.com/players/s/szczewa02.html,0,2009,1,82,466
Amar'e Stoudemire,https://www.basketball-reference.com/players/s/stoudam01.html,0,2017,6,82,711
Damon Stoudamire,https://www.basketball-reference.com/players/s/stoudda01.html,0,2008,0,82,897
Peja Stojaković,https://www.basketball-reference.com/players/s/stojape01.html,0,2011,3,81,749
Bryant Stith,https://www.basketball-reference.com/players/s/stithbr01.html,0,2002,0,82,406
DeShawn Stevenson,https://www.basketball-reference.com/players/s/stevede01.html,0,2013,0,82,638
John Starks,https://www.basketball-reference.com/players/s/starkjo01.html,0,2002,1,78,450
Jerry Stackhouse,https://www.basketball-reference.com/players/s/stackje01.html,0,2013,2,82,601
Latrell Sprewell,https://www.basketball-reference.com/players/s/sprewla01.html,0,2005,4,82,868
Rory Sparrow,https://www.basketball-reference.com/players/s/sparrro01.html,0,1992,0,82,645
Ricky Sobers,https://www.basketball-reference.com/players/s/soberri01.html,0,1986,0,82,380
Dick Snyder,https://www.basketball-reference.com/players/s/snydedi01.html,0,1979,0,82,100
Eric Snow,https://www.basketball-reference.com/players/s/snower01.html,0,2008,0,82,551
Rik Smits,https://www.basketball-reference.com/players/s/smitsri01.html,0,2000,1,82,792
Steve Smith,https://www.basketball-reference.com/players/s/smithst01.html,0,2005,1,81,779
Randy Smith,https://www.basketball-reference.com/players/s/smithra01.html,0,1983,2,82,400
Phil Smith,https://www.basketball-reference.com/players/s/smithph01.html,0,1983,2,82,345
Kenny Smith,https://www.basketball-reference.com/players/s/smithke01.html,0,1997,0,82,704
Joe Smith,https://www.basketball-reference.com/players/s/smithjo02.html,0,2011,0,82,727
Ben Simmons,https://www.basketball-reference.com/players/s/simmobe01.html,0,2025,3,81,368
James Silas,https://www.basketball-reference.com/players/s/silasja01.html,0,1983,2,34,34
Jack Sikma,https://www.basketball-reference.com/players/s/sikmaja01.html,0,1991,7,82,985
Pascal Siakam,https://www.basketball-reference.com/players/s/siakapa01.html,0,2025,3,80,615
Lonnie Shelton,https://www.basketball-reference.com/players/s/sheltlo01.html,0,1986,1,81,253
Alperen Şengün,https://www.basketball-reference.com/players/s/sengual01.html,0,2025,1,76,224
Thabo Sefolosha,https://www.basketball-reference.com/players/s/sefolth01.html,0,2020,0,82,511
Dennis Scott,https://www.basketball-reference.com/players/s/scottde01.html,0,2000,0,82,430
Charlie Scott,https://www.basketball-reference.com/players/s/scottch01.html,0,1980,5,82,82
Byron Scott,https://www.basketball-reference.com/players/s/scottby01.html,0,1998,0,82,717
Luis Scola,https://www.basketball-reference.com/players/s/scolalu01.html,0,2021,0,82,505
Detlef Schrempf,https://www.basketball-reference.com/players/s/schrede01.html,0,2001,3,82,537
Mike Sanders,https://www.basketball-reference.com/players/s/sandemi01.html,0,1993,0,82,245
Ralph Sampson,https://www.basketball-reference.com/players/s/sampsra01.html,0,1992,4,82,407
Domantas Sabonis,https://www.basketball-reference.com/players/s/sabondo01.html,0,2025,3,82,567
D'Angelo Russell,https://www.basketball-reference.com/players/r/russeda01.html,0,2025,1,81,688
Cazzie Russell,https://www.basketball-reference.com/players/r/russeca01.html,0,1978,1,82,82
Campy Russell,https://www.basketball-reference.com/players/r/russeca02.html,0,1985,1,63,110
Bob Rule,https://www.basketball-reference.com/players/r/rulebo01.html,0,1975,1,53,106
Jeff Ruland,https://www.basketball-reference.com/players/r/rulanje01.html,0,1993,2,75,189
Ricky Rubio,https://www.basketball-reference.com/players/r/rubiori01.html,0,2024,0,82,603
Brandon Roy,https://www.basketball-reference.com/players/r/roybr01.html,0,2013,3,78,300
Dan Roundfield,https://www.basketball-reference.com/players/r/roundda01.html,0,1988,3,76,452
Jalen Rose,https://www.basketball-reference.com/players/r/roseja01.html,0,2007,0,83,764
Derrick Rose,https://www.basketball-reference.com/players/r/rosede01.html,0,2024,3,81,528
Rajon Rondo,https://www.basketball-reference.com/players/r/rondora01.html,0,2022,4,81,805
Truck Robinson,https://www.basketball-reference.com/players/r/robintr01.html,0,1985,2,82,458
Glenn Robinson,https://www.basketball-reference.com/players/r/robingl01.html,0,2005,2,82,668
Clifford Robinson,https://www.basketball-reference.com/players/r/robincl02.html,0,2007,1,82,873
Alvin Robertson,https://www.basketball-reference.com/players/r/roberal01.html,0,1996,4,82,734
Fred Roberts,https://www.basketball-reference.com/players/r/roberfr01.html,0,1997,0,82,253
Doc Rivers,https://www.basketball-reference.com/players/r/riverdo01.html,0,1996,1,82,605
Luke Ridnour,https://www.basketball-reference.com/players/r/ridnolu01.html,0,2015,0,82,507
Mitch Richmond,https://www.basketball-reference.com/players/r/richmmi01.html,0,2002,6,82,902
Pooh Richardson,https://www.basketball-reference.com/players/r/richapo01.html,0,2000,0,82,483
Michael Ray Richardson,https://www.basketball-reference.com/players/r/richami01.html,0,1987,4,82,409
Jason Richardson,https://www.basketball-reference.com/players/r/richaja01.html,0,2015,0,82,993
Glen Rice,https://www.basketball-reference.com/players/r/ricegl01.html,0,2004,3,82,876
Robert Reid,https://www.basketball-reference.com/players/r/reidro01.html,0,1991,0,82,394
J.R. Reid,https://www.basketball-reference.com/players/r/reidjr01.html,0,2003,0,82,369
Michael Redd,https://www.basketball-reference.com/players/r/reddmi01.html,0,2012,1,82,429
Clifford Ray,https://www.basketball-reference.com/players/r/raycl01.html,0,1981,0,82,82
Theo Ratliff,https://www.basketball-reference.com/players/r/ratlith01.html,0,2011,1,83,721
Zach Randolph,https://www.basketball-reference.com/players/r/randoza01.html,0,2018,2,81,928
Julius Randle,https://www.basketball-reference.com/players/r/randlju01.html,0,2025,3,77,630
Tayshaun Prince,https://www.basketball-reference.com/players/p/princta01.html,0,2016,0,82,999
Taurean Prince,https://www.basketball-reference.com/players/p/princta02.html,0,2025,0,82,354
Mark Price,https://www.basketball-reference.com/players/p/pricema01.html,0,1998,4,79,578
James Posey,https://www.basketball-reference.com/players/p/poseyja01.html,0,2011,0,82,550
Kristaps Porziņģis,https://www.basketball-reference.com/players/p/porzikr01.html,0,2025,1,72,551
Terry Porter,https://www.basketball-reference.com/players/p/portete01.html,0,2002,2,82,732
Kevin Porter,https://www.basketball-reference.com/players/p/porteke01.html,0,1983,0,82,82
Ben Poquette,https://www.basketball-reference.com/players/p/poquebe01.html,0,1990,0,82,205
Olden Polynice,https://www.basketball-reference.com/players/p/polynol01.html,0,2004,0,82,753
Mason Plumlee,https://www.basketball-reference.com/players/p/plumlma01.html,0,2025,0,82,602
Ricky Pierce,https://www.basketball-reference.com/players/p/piercri01.html,0,1998,1,78,298
Dražen Petrović,https://www.basketball-reference.com/players/p/petrodr01.html,0,1993,0,82,149
Wesley Person,https://www.basketball-reference.com/players/p/persowe01.html,0,2005,0,82,457
John Paxson,https://www.basketball-reference.com/players/p/paxsojo01.html,0,1994,0,82,369
Jim Paxson,https://www.basketball-reference.com/players/p/paxsoji02.html,0,1990,2,82,371
Billy Paultz,https://www.basketball-reference.com/players/p/paultbi01.html,0,1985,4,82,89
Tony Parker,https://www.basketball-reference.com/players/p/parketo01.html,0,2019,6,82,1151
Sonny Parker,https://www.basketball-reference.com/players/p/parkeso01.html,0,1982,0,82,82
Smush Parker,https://www.basketball-reference.com/players/p/parkesm01.html,0,2008,0,82,186
Anthony Parker,https://www.basketball-reference.com/players/p/parkean01.html,0,2012,0,82,423
Tom Owens,https://www.basketball-reference.com/players/o/owensto01.html,0,1985,0,82,126
Michael Olowokandi,https://www.basketball-reference.com/players/o/olowomi01.html,0,2007,0,82,417
Mark Olberding,https://www.basketball-reference.com/players/o/olberma01.html,0,1988,0,82,383
Victor Oladipo,https://www.basketball-reference.com/players/o/oladivi01.html,0,2024,2,75,430
Mehmet Okur,https://www.basketball-reference.com/players/o/okurme01.html,0,2012,1,82,460
Emeka Okafor,https://www.basketball-reference.com/players/o/okafoem01.html,0,2018,0,82,603
Charles Oakley,https://www.basketball-reference.com/players/o/oaklech01.html,0,2004,1,82,1159
Jermaine O'Neal,https://www.basketball-reference.com/players/o/onealje01.html,0,2014,6,80,758
Joakim Noah,https://www.basketball-reference.com/players/n/noahjo01.html,0,2020,2,80,512
Norm Nixon,https://www.basketball-reference.com/players/n/nixonno01.html,0,1990,2,82,580
Johnny Newman,https://www.basketball-reference.com/players/n/newmajo01.html,0,2002,0,82,530
Mike Newlin,https://www.basketball-reference.com/players/n/newlimi01.html,0,1982,0,82,114
Bob Netolicky,https://www.basketball-reference.com/players/n/netolbo01.html,0,1976,4,73,195
Rasho Nesterović,https://www.basketball-reference.com/players/n/nestera01.html,0,2010,0,82,595
Jameer Nelson,https://www.basketball-reference.com/players/n/nelsoja01.html,0,2018,1,77,668
Calvin Natt,https://www.basketball-reference.com/players/n/nattca01.html,0,1990,1,80,371
Larry Nance,https://www.basketball-reference.com/players/n/nancela01.html,0,1994,3,82,855
Dikembe Mutombo,https://www.basketball-reference.com/players/m/mutomdi01.html,0,2009,8,82,1072
Dejounte Murray,https://www.basketball-reference.com/players/m/murrade01.html,0,2025,1,78,432
Calvin Murphy,https://www.basketball-reference.com/players/m/murphca01.html,0,1983,1,82,82
Chris Mullin,https://www.basketball-reference.com/players/m/mullich01.html,0,2001,5,82,822
Alonzo Mourning,https://www.basketball-reference.com/players/m/mournal01.html,0,2008,7,78,703
Markieff Morris,https://www.basketball-reference.com/players/m/morrima02.html,0,2025,0,82,463
Ja Morant,https://www.basketball-reference.com/players/m/moranja01.html,0,2025,2,67,305
Johnny Moore,https://www.basketball-reference.com/players/m/moorejo01.html,0,1990,0,82,333
Greg Monroe,https://www.basketball-reference.com/players/m/monrogr01.html,0,2022,0,82,433
Sidney Moncrief,https://www.basketball-reference.com/players/m/moncrsi01.html,0,1991,5,80,513
Evan Mobley,https://www.basketball-reference.com/players/m/mobleev01.html,0,2025,1,79,269
Steve Mix,https://www.basketball-reference.com/players/m/mixst01.html,0,1983,1,82,267
Mike Mitchell,https://www.basketball-reference.com/players/m/mitchmi01.html,0,1999,1,83,690
Donovan Mitchell,https://www.basketball-reference.com/players/m/mitchdo01.html,0,2025,6,77,531
Yao Ming,https://www.basketball-reference.com/players/m/mingya01.html,0,2011,8,82,476
Paul Millsap,https://www.basketball-reference.com/players/m/millspa01.html,0,2022,4,81,747
Brad Miller,https://www.basketball-reference.com/players/m/millebr01.html,0,2012,2,79,716
Andre Miller,https://www.basketball-reference.com/players/m/millean02.html,0,2016,0,82,1024
Khris Middleton,https://www.basketball-reference.com/players/m/middlkh01.html,0,2025,3,82,692
Nate McMillan,https://www.basketball-reference.com/players/m/mcmilna01.html,0,1998,0,82,373
Ben McLemore,https://www.basketball-reference.com/players/m/mclembe01.html,0,2022,0,82,273
Derrick McKey,https://www.basketball-reference.com/players/m/mckeyde01.html,0,2002,0,82,639
Tracy McGrady,https://www.basketball-reference.com/players/m/mcgratr01.html,0,2013,7,78,727
George McGinnis,https://www.basketball-reference.com/players/m/mcginge01.html,0,1982,6,79,609
Antonio McDyess,https://www.basketball-reference.com/players/m/mcdyean01.html,0,2011,1,81,665
Jaden McDaniels,https://www.basketball-reference.com/players/m/mcdanja02.html,0,2025,0,82,290
Xavier McDaniel,https://www.basketball-reference.com/players/m/mcdanxa01.html,0,1998,1,82,608
Rodney McCray,https://www.basketball-reference.com/players/m/mccraro01.html,0,1993,0,82,629
O.J. Mayo,https://www.basketball-reference.com/players/m/mayooj01.html,0,2016,0,82,325
Tyrese Maxey,https://www.basketball-reference.com/players/m/maxeyty01.html,0,2025,1,74,245
Wesley Matthews,https://www.basketball-reference.com/players/m/matthwe02.html,0,2024,0,82,825
Anthony Mason,https://www.basketball-reference.com/players/m/masonan01.html,0,2003,1,82,559
Jamal Mashburn,https://www.basketball-reference.com/players/m/mashbja01.html,0,2005,1,81,635
Kenyon Martin,https://www.basketball-reference.com/players/m/martike01.html,0,2015,1,77,667
Lauri Markkanen,https://www.basketball-reference.com/players/m/markkla01.html,0,2025,1,68,424
Shawn Marion,https://www.basketball-reference.com/players/m/mariosh01.html,0,2015,4,81,1192
Stephon Marbury,https://www.basketball-reference.com/players/m/marbust01.html,0,2018,2,82,946
Danny Manning,https://www.basketball-reference.com/players/m/mannida01.html,0,2003,2,82,464
Matt Maloney,https://www.basketball-reference.com/players/m/malonma01.html,0,2003,0,82,206
Jeff Malone,https://www.basketball-reference.com/players/m/malonje01.html,0,1996,2,81,831
Dan Majerle,https://www.basketball-reference.com/players/m/majerda01.html,0,2002,3,82,454
Rick Mahorn,https://www.basketball-reference.com/players/m/mahorri01.html,0,1999,0,82,613
Jamaal Magloire,https://www.basketball-reference.com/players/m/magloja01.html,0,2012,1,82,316
Maurice Lucas,https://www.basketball-reference.com/players/l/lucasma01.html,0,1988,5,74,244
John Lucas,https://www.basketball-reference.com/players/l/lucasjo01.html,0,1990,0,82,430
Kyle Lowry,https://www.basketball-reference.com/players/l/lowryky01.html,0,2025,6,79,974
Kevin Love,https://www.basketball-reference.com/players/l/loveke01.html,0,2025,5,77,713
Robin Lopez,https://www.basketball-reference.com/players/l/lopezro01.html,0,2024,0,82,607
Brook Lopez,https://www.basketball-reference.com/players/l/lopezbr01.html,0,2025,1,82,1065
John Long,https://www.basketball-reference.com/players/l/longjo01.html,0,1997,0,82,433
Grant Long,https://www.basketball-reference.com/players/l/longgr01.html,0,2003,0,82,752
Lewis Lloyd,https://www.basketball-reference.com/players/l/lloydle01.html,0,1990,0,82,260
Alton Lister,https://www.basketball-reference.com/players/l/listeal01.html,0,1998,0,82,601
Jeremy Lin,https://www.basketball-reference.com/players/l/linje01.html,0,2019,0,82,225
Reggie Lewis,https://www.basketball-reference.com/players/l/lewisre01.html,0,1993,1,82,352
Rashard Lewis,https://www.basketball-reference.com/players/l/lewisra02.html,0,2014,2,81,894
Freddie Lewis,https://www.basketball-reference.com/players/l/lewisfr02.html,0,1977,3,75,232
Fat Lever,https://www.basketball-reference.com/players/l/leverfa01.html,0,1994,2,82,599
David Lee,https://www.basketball-reference.com/players/l/leeda02.html,0,2017,2,81,510
Clyde Lee,https://www.basketball-reference.com/players/l/leecl01.html,0,1976,1,35,70
Bob Lanier,https://www.basketball-reference.com/players/l/laniebo01.html,0,1984,8,72,179
Bill Laimbeer,https://www.basketball-reference.com/players/l/laimbbi01.html,0,1994,4,82,895
Christian Laettner,https://www.basketball-reference.com/players/l/laettch01.html,0,2005,1,82,811
Sam Lacey,https://www.basketball-reference.com/players/l/laceysa01.html,0,1983,1,33,47
Zach LaVine,https://www.basketball-reference.com/players/l/lavinza01.html,0,2025,2,77,639
Tom LaGarde,https://www.basketball-reference.com/players/l/lagarto01.html,0,1985,0,82,110
Kyle Korver,https://www.basketball-reference.com/players/k/korveky01.html,0,2020,1,80,445
Billy Knight,https://www.basketball-reference.com/players/k/knighbi01.html,0,1985,3,77,425
Kerry Kittles,https://www.basketball-reference.com/players/k/kittlke01.html,0,2005,0,82,455
Greg Kite,https://www.basketball-reference.com/players/k/kitegr01.html,0,1995,0,82,268
Andrei Kirilenko,https://www.basketball-reference.com/players/k/kirilan01.html,0,2015,1,78,546
Bernard King,https://www.basketball-reference.com/players/k/kingbe01.html,0,1993,4,82,547
Jerome Kersey,https://www.basketball-reference.com/players/k/kerseje01.html,0,2001,0,82,571
Larry Kenon,https://www.basketball-reference.com/players/k/kenonla01.html,0,1983,5,30,44
Shawn Kemp,https://www.basketball-reference.com/players/k/kempsh01.html,0,2003,6,82,728
Chris Kaman,https://www.basketball-reference.com/players/k/kamanch01.html,0,2016,1,78,538
Eddie Jordan,https://www.basketball-reference.com/players/j/jordaed01.html,0,1984,0,82,82
DeAndre Jordan,https://www.basketball-reference.com/players/j/jordade01.html,0,2025,1,82,880
Wil Jones,https://www.basketball-reference.com/players/j/joneswi02.html,0,1978,1,74,74
Larry Jones,https://www.basketball-reference.com/players/j/jonesla01.html,0,1974,4,60,60
Eddie Jones,https://www.basketball-reference.com/players/j/jonesed02.html,0,2008,3,81,993
Caldwell Jones,https://www.basketball-reference.com/players/j/jonesca01.html,0,1990,1,82,771
Bobby Jones,https://www.basketball-reference.com/players/j/jonesbo01.html,0,1986,5,82,286
Nikola Jokić,https://www.basketball-reference.com/players/j/jokicni01.html,0,2025,7,80,704
Steve Johnson,https://www.basketball-reference.com/players/j/johnsst03.html,0,1991,1,74,348
Mickey Johnson,https://www.basketball-reference.com/players/j/johnsmi01.html,0,1986,0,82,284
Marques Johnson,https://www.basketball-reference.com/players/j/johnsma01.html,0,1990,5,80,359
Larry Johnson,https://www.basketball-reference.com/players/j/johnsla02.html,0,2001,2,82,699
Kevin Johnson,https://www.basketball-reference.com/players/j/johnske02.html,0,2000,3,81,651
John Johnson,https://www.basketball-reference.com/players/j/johnsjo01.html,0,1982,2,82,83
Joe Johnson,https://www.basketball-reference.com/players/j/johnsjo02.html,0,2022,7,82,1236
George Johnson,https://www.basketball-reference.com/players/j/johnsge02.html,0,1986,0,82,144
Ervin Johnson,https://www.basketball-reference.com/players/j/johnser02.html,0,2006,0,82,452
Eddie Johnson,https://www.basketball-reference.com/players/j/johnsed03.html,0,1999,0,82,508
Eddie Johnson,https://www.basketball-reference.com/players/j/johnsed02.html,0,1987,2,77,318
Dennis Johnson,https://www.basketball-reference.com/players/j/johnsde01.html,0,1990,5,78,673
Buck Johnson,https://www.basketball-reference.com/players/j/johnsbu01.html,0,2003,0,82,296
Avery Johnson,https://www.basketball-reference.com/players/j/johnsav01.html,0,2004,0,82,679
Brandon Jennings,https://www.basketball-reference.com/players/j/jennibr01.html,0,2019,0,82,449
Richard Jefferson,https://www.basketball-reference.com/players/j/jefferi01.html,0,2018,0,82,853
Al Jefferson,https://www.basketball-reference.com/players/j/jeffeal01.html,0,2019,0,82,651
Antawn Jamison,https://www.basketball-reference.com/players/j/jamisan01.html,0,2014,2,82,928
Reggie Jackson,https://www.basketball-reference.com/players/j/jacksre01.html,0,2025,0,82,626
Mark Jackson,https://www.basketball-reference.com/players/j/jacksma01.html,0,2004,1,82,1256
Luke Jackson,https://www.basketball-reference.com/players/j/jackslu01.html,0,1972,1,40,62
Jim Jackson,https://www.basketball-reference.com/players/j/jacksji01.html,0,2006,0,82,873
Jaren Jackson Jr.,https://www.basketball-reference.com/players/j/jacksja02.html,0,2025,2,78,398
Dan Issel,https://www.basketball-reference.com/players/i/isselda01.html,0,1985,7,82,318
Kyrie Irving,https://www.basketball-reference.com/players/i/irvinky01.html,0,2025,9,75,839
Brandon Ingram,https://www.basketball-reference.com/players/i/ingrabr01.html,0,2025,1,64,456
Joe Ingles,https://www.basketball-reference.com/players/i/inglejo01.html,0,2025,0,82,314
Zydrunas Ilgauskas,https://www.basketball-reference.com/players/i/ilgauzy01.html,0,2011,2,81,724
Andre Iguodala,https://www.basketball-reference.com/players/i/iguodan01.html,0,2023,1,82,784
Lindsey Hunter,https://www.basketball-reference.com/players/h/hunteli01.html,0,2010,0,82,438
Jay Humphries,https://www.basketball-reference.com/players/h/humphja01.html,0,1995,0,82,590
Juwan Howard,https://www.basketball-reference.com/players/h/howarju01.html,0,2013,1,82,1055
Josh Howard,https://www.basketball-reference.com/players/h/howarjo01.html,0,2013,1,76,415
Dwight Howard,https://www.basketball-reference.com/players/h/howardw01.html,0,2022,8,82,1078
Allan Houston,https://www.basketball-reference.com/players/h/houstal01.html,0,2005,2,82,727
Jeff Hornacek,https://www.basketball-reference.com/players/h/hornaje01.html,0,2000,1,82,972
Al Horford,https://www.basketball-reference.com/players/h/horfoal01.html,0,2025,5,82,1078
Chet Holmgren,https://www.basketball-reference.com/players/h/holmgch01.html,0,2025,0,82,114
Lionel Hollins,https://www.basketball-reference.com/players/h/hollili01.html,0,1985,1,81,260
Jrue Holiday,https://www.basketball-reference.com/players/h/holidjr01.html,0,2025,2,82,956
Roy Hinson,https://www.basketball-reference.com/players/h/hinsoro01.html,0,1991,0,82,448
Tyrone Hill,https://www.basketball-reference.com/players/h/hillty01.html,0,2004,1,75,676
Grant Hill,https://www.basketball-reference.com/players/h/hillgr01.html,0,2013,7,81,972
Armond Hill,https://www.basketball-reference.com/players/h/hillar01.html,0,1984,0,82,205
Nenê,https://www.basketball-reference.com/players/h/hilarne01.html,0,2020,0,82,659
Buddy Hield,https://www.basketball-reference.com/players/h/hieldbu01.html,0,2025,0,82,563
Roy Hibbert,https://www.basketball-reference.com/players/h/hibbero01.html,0,2017,2,81,599
Tyler Herro,https://www.basketball-reference.com/players/h/herroty01.html,0,2025,1,77,217
Gerald Henderson,https://www.basketball-reference.com/players/h/hendege01.html,0,1992,0,82,428
Alan Henderson,https://www.basketball-reference.com/players/h/hendeal01.html,0,2007,0,82,220
Spencer Haywood,https://www.basketball-reference.com/players/h/haywosp01.html,0,1983,5,63,88
Gordon Hayward,https://www.basketball-reference.com/players/h/haywago01.html,0,2024,1,80,677
Chuck Hayes,https://www.basketball-reference.com/players/h/hayesch01.html,0,2016,0,82,245
Hersey Hawkins,https://www.basketball-reference.com/players/h/hawkihe01.html,0,2001,1,82,896
Tobias Harris,https://www.basketball-reference.com/players/h/harrito02.html,0,2025,0,82,1120
Devin Harris,https://www.basketball-reference.com/players/h/harride01.html,0,2019,1,70,580
Othella Harrington,https://www.basketball-reference.com/players/h/harriot01.html,0,2008,0,82,308
Ron Harper,https://www.basketball-reference.com/players/h/harpero01.html,0,2001,0,82,1002
Derek Harper,https://www.basketball-reference.com/players/h/harpede01.html,0,1999,0,82,938
Tim Hardaway,https://www.basketball-reference.com/players/h/hardati01.html,0,2003,5,82,832
Anfernee Hardaway,https://www.basketball-reference.com/players/h/hardaan01.html,0,2008,4,82,571
Bob Hansen,https://www.basketball-reference.com/players/h/hansebo01.html,0,1992,0,82,327
Richard Hamilton,https://www.basketball-reference.com/players/h/hamilri01.html,0,2013,3,82,783
Tyrese Haliburton,https://www.basketball-reference.com/players/h/halibty01.html,0,2025,2,77,371
Tom Gugliotta,https://www.basketball-reference.com/players/g/guglito01.html,0,2005,1,81,707
Darrell Griffith,https://www.basketball-reference.com/players/g/griffda01.html,0,1991,0,82,412
Blake Griffin,https://www.basketball-reference.com/players/g/griffbl01.html,0,2023,6,82,780
Dave Greenwood,https://www.basketball-reference.com/players/g/greenda01.html,0,1991,0,82,600
Rickey Green,https://www.basketball-reference.com/players/g/greenri01.html,0,1992,1,81,515
Jeff Green,https://www.basketball-reference.com/players/g/greenje02.html,0,2025,0,82,826
Jalen Green,https://www.basketball-reference.com/players/g/greenja05.html,0,2025,0,82,307
Draymond Green,https://www.basketball-reference.com/players/g/greendr01.html,0,2025,4,81,726
A.C. Green,https://www.basketball-reference.com/players/g/greenac01.html,0,2001,1,82,905
Horace Grant,https://www.basketball-reference.com/players/g/grantho01.html,0,2004,1,81,1037
Brian Grant,https://www.basketball-reference.com/players/g/grantbr01.html,0,2006,0,82,577
Danny Granger,https://www.basketball-reference.com/players/g/grangda01.html,0,2015,1,80,433
Marcin Gortat,https://www.basketball-reference.com/players/g/gortama01.html,0,2019,0,82,601
Rudy Gobert,https://www.basketball-reference.com/players/g/goberru01.html,0,2025,3,81,737
Mike Gminski,https://www.basketball-reference.com/players/g/gminsmi01.html,0,1994,0,82,714
Manu Ginóbili,https://www.basketball-reference.com/players/g/ginobma01.html,0,2018,2,79,349
Artis Gilmore,https://www.basketball-reference.com/players/g/gilmoar01.html,0,1989,11,82,831
Shai Gilgeous-Alexander,https://www.basketball-reference.com/players/g/gilgesh01.html,0,2025,3,76,453
Taj Gibson,https://www.basketball-reference.com/players/g/gibsota01.html,0,2025,0,82,533
Paul George,https://www.basketball-reference.com/players/g/georgpa01.html,0,2025,9,81,860
Alonzo Gee,https://www.basketball-reference.com/players/g/geeal01.html,0,2017,0,82,249
Chris Gatling,https://www.basketball-reference.com/players/g/gatlich01.html,0,2003,1,23,92
Pau Gasol,https://www.basketball-reference.com/players/g/gasolpa01.html,0,2020,6,82,1222
Marc Gasol,https://www.basketball-reference.com/players/g/gasolma01.html,0,2021,3,81,938
Dean Garrett,https://www.basketball-reference.com/players/g/garrede01.html,0,2002,0,82,210
Darius Garland,https://www.basketball-reference.com/players/g/garlada01.html,0,2025,2,75,378
Channing Frye,https://www.basketball-reference.com/players/f/fryech01.html,0,2019,0,82,478
Donnie Freeman,https://www.basketball-reference.com/players/f/freemdo01.html,0,1976,5,71,131
World B. Free,https://www.basketball-reference.com/players/f/freewo01.html,0,1988,1,78,461
Steve Francis,https://www.basketball-reference.com/players/f/francst01.html,0,2009,3,81,603
Rick Fox,https://www.basketball-reference.com/players/f/foxri01.html,0,2004,0,82,587
De'Aaron Fox,https://www.basketball-reference.com/players/f/foxde01.html,0,2025,1,81,579
Phil Ford,https://www.basketball-reference.com/players/f/fordph01.html,0,1985,0,82,329
Don Ford,https://www.basketball-reference.com/players/f/forddo01.html,0,1982,0,82,83
Chris Ford,https://www.basketball-reference.com/players/f/fordch01.html,0,1982,0,82,283
Sleepy Floyd,https://www.basketball-reference.com/players/f/floydsl01.html,0,1995,1,82,674
Vern Fleming,https://www.basketball-reference.com/players/f/flemive01.html,0,1997,0,82,523
Derek Fisher,https://www.basketball-reference.com/players/f/fishede01.html,0,2014,0,82,783
Michael Finley,https://www.basketball-reference.com/players/f/finlemi01.html,0,2010,2,82,936
Alex English,https://www.basketball-reference.com/players/e/englial01.html,0,1992,8,82,852
Joel Embiid,https://www.basketball-reference.com/players/e/embiijo01.html,0,2025,7,68,452
Monta Ellis,https://www.basketball-reference.com/players/e/ellismo01.html,0,2017,0,82,771
LaPhonso Ellis,https://www.basketball-reference.com/players/e/ellisla01.html,0,2003,0,82,359
Dale Ellis,https://www.basketball-reference.com/players/e/ellisda01.html,0,2000,1,82,618
Sean Elliott,https://www.basketball-reference.com/players/e/elliose01.html,0,2001,2,82,712
Kevin Edwards,https://www.basketball-reference.com/players/e/edwarke01.html,0,2001,0,82,307
James Edwards,https://www.basketball-reference.com/players/e/edwarja01.html,0,1996,0,82,868
Blue Edwards,https://www.basketball-reference.com/players/e/edwarbl01.html,0,2000,0,82,459
Anthony Edwards,https://www.basketball-reference.com/players/e/edwaran01.html,0,2025,3,79,363
Mark Eaton,https://www.basketball-reference.com/players/e/eatonma01.html,0,1993,1,82,815
T.R. Dunn,https://www.basketball-reference.com/players/d/dunntr01.html,0,1991,0,82,457
Mike Dunleavy,https://www.basketball-reference.com/players/d/dunlemi02.html,0,2017,0,82,636
Joe Dumars,https://www.basketball-reference.com/players/d/dumarjo01.html,0,1999,6,82,944
Chris Dudley,https://www.basketball-reference.com/players/d/dudlech02.html,0,2003,0,82,361
Kevin Duckworth,https://www.basketball-reference.com/players/d/duckwke01.html,0,1997,2,82,528
Andre Drummond,https://www.basketball-reference.com/players/d/drumman01.html,0,2025,2,82,801
John Drew,https://www.basketball-reference.com/players/d/drewjo01.html,0,1986,2,79,183
Goran Dragić,https://www.basketball-reference.com/players/d/dragigo01.html,0,2023,1,78,621
Luka Dončić,https://www.basketball-reference.com/players/d/doncilu01.html,0,2025,5,72,500
James Donaldson,https://www.basketball-reference.com/players/d/donalja01.html,0,1995,1,82,769
Vlade Divac,https://www.basketball-reference.com/players/d/divacvl01.html,0,2005,1,81,979
Gorgui Dieng,https://www.basketball-reference.com/players/d/dienggo01.html,0,2023,0,82,227
Michael Dickerson,https://www.basketball-reference.com/players/d/dickemi01.html,0,2003,0,82,206
Boris Diaw,https://www.basketball-reference.com/players/d/diawbo01.html,0,2018,0,82,658
Luol Deng,https://www.basketball-reference.com/players/d/denglu01.html,0,2019,2,82,891
Vinny Del Negro,https://www.basketball-reference.com/players/d/delnevi01.html,0,2002,0,82,371
DeMar DeRozan,https://www.basketball-reference.com/players/d/derozde01.html,0,2025,6,82,1175
Johnny Dawkins,https://www.basketball-reference.com/players/d/dawkijo01.html,0,1995,0,82,303
Walter Davis,https://www.basketball-reference.com/players/d/daviswa03.html,0,1992,6,79,387
Johnny Davis,https://www.basketball-reference.com/players/d/davisjo01.html,0,1986,0,82,453
Dale Davis,https://www.basketball-reference.com/players/d/davisda01.html,0,2007,1,82,891
Brad Davis,https://www.basketball-reference.com/players/d/davisbr01.html,0,1992,0,82,396
Baron Davis,https://www.basketball-reference.com/players/d/davisba01.html,0,2012,2,82,768
Antonio Davis,https://www.basketball-reference.com/players/d/davisan01.html,0,2006,1,79,642
Brad Daugherty,https://www.basketball-reference.com/players/d/daughbr01.html,0,1996,5,80,546
Adrian Dantley,https://www.basketball-reference.com/players/d/dantlad01.html,0,1992,6,81,659
Mel Daniels,https://www.basketball-reference.com/players/d/danieme01.html,0,1977,7,80,298
Erick Dampier,https://www.basketball-reference.com/players/d/dampier01.html,0,2012,0,82,771
Samuel Dalembert,https://www.basketball-reference.com/players/d/dalemsa01.html,0,2016,0,82,694
Cade Cunningham,https://www.basketball-reference.com/players/c/cunnica01.html,0,2025,1,70,208
Terry Cummings,https://www.basketball-reference.com/players/c/cummite01.html,0,2000,2,82,818
DeMarcus Cousins,https://www.basketball-reference.com/players/c/couside01.html,0,2022,4,74,651
Dave Corzine,https://www.basketball-reference.com/players/c/corzida01.html,0,1992,0,82,309
Tyrone Corbin,https://www.basketball-reference.com/players/c/corbity01.html,0,2001,0,82,489
Lester Conner,https://www.basketball-reference.com/players/c/connele01.html,0,1995,0,82,285
Mike Conley,https://www.basketball-reference.com/players/c/conlemi01.html,0,2025,1,81,1194
Doug Collins,https://www.basketball-reference.com/players/c/collido01.html,0,1981,4,77,350
Derrick Coleman,https://www.basketball-reference.com/players/c/colemde01.html,0,2005,1,77,672
Jim Cleamons,https://www.basketball-reference.com/players/c/cleamji01.html,0,1980,0,82,142
Archie Clark,https://www.basketball-reference.com/players/c/clarkar01.html,0,1976,2,82,84
Doug Christie,https://www.basketball-reference.com/players/c/chrisdo01.html,0,2007,0,82,769
Jim Chones,https://www.basketball-reference.com/players/c/choneji01.html,0,1983,0,82,328
Maurice Cheeks,https://www.basketball-reference.com/players/c/cheekma01.html,0,1993,4,82,1040
Calbert Cheaney,https://www.basketball-reference.com/players/c/cheanca01.html,0,2006,0,82,498
Tyson Chandler,https://www.basketball-reference.com/players/c/chandty01.html,0,2020,1,79,892
Tom Chambers,https://www.basketball-reference.com/players/c/chambto01.html,0,1998,4,82,743
Mario Chalmers,https://www.basketball-reference.com/players/c/chalmma01.html,0,2018,0,82,407
Cedric Ceballos,https://www.basketball-reference.com/players/c/cebalce01.html,0,2001,1,71,378
Sam Cassell,https://www.basketball-reference.com/players/c/cassesa01.html,0,2008,1,81,771
Bill Cartwright,https://www.basketball-reference.com/players/c/cartwbi01.html,0,1995,1,82,758
Vince Carter,https://www.basketball-reference.com/players/c/cartevi01.html,0,2020,8,82,1121
Joe Barry Carroll,https://www.basketball-reference.com/players/c/carrojo01.html,0,1991,1,81,610
Austin Carr,https://www.basketball-reference.com/players/c/carrau01.html,0,1981,1,67,67
Elden Campbell,https://www.basketball-reference.com/players/c/campbel01.html,0,2005,0,82,706
Kentavious Caldwell-Pope,https://www.basketball-reference.com/players/c/caldwke01.html,0,2025,0,82,770
Michael Cage,https://www.basketball-reference.com/players/c/cagemi01.html,0,2000,0,82,733
Andrew Bynum,https://www.basketball-reference.com/players/b/bynuman01.html,0,2014,1,65,338
Jimmy Butler,https://www.basketball-reference.com/players/b/butleji01.html,0,2025,6,75,884
Caron Butler,https://www.basketball-reference.com/players/b/butleca01.html,0,2016,2,78,819
Don Buse,https://www.basketball-reference.com/players/b/busedo01.html,0,1985,2,84,548
Tom Burleson,https://www.basketball-reference.com/players/b/burleto01.html,0,1981,0,82,164
Quinn Buckner,https://www.basketball-reference.com/players/b/bucknqu01.html,0,1986,0,82,299
Jalen Brunson,https://www.basketball-reference.com/players/b/brunsja01.html,0,2025,2,77,337
Roger Brown,https://www.basketball-reference.com/players/b/brownro01.html,0,1975,4,71,212
Jaylen Brown,https://www.basketball-reference.com/players/b/brownja02.html,0,2025,4,70,496
Chucky Brown,https://www.basketball-reference.com/players/b/brownch01.html,0,2002,0,82,299
Aaron Brooks,https://www.basketball-reference.com/players/b/brookaa01.html,0,2018,0,82,227
Mikal Bridges,https://www.basketball-reference.com/players/b/bridgmi01.html,0,2025,0,83,572
Bill Bridges,https://www.basketball-reference.com/players/b/bridgbi01.html,0,1975,3,62,144
Ron Brewer,https://www.basketball-reference.com/players/b/brewero01.html,0,1986,0,82,298
Jim Brewer,https://www.basketball-reference.com/players/b/breweji01.html,0,1985,0,82,169
Corey Brewer,https://www.basketball-reference.com/players/b/breweco01.html,0,2020,0,82,383
Terrell Brandon,https://www.basketball-reference.com/players/b/brandte01.html,0,2003,2,78,514
Elton Brand,https://www.basketball-reference.com/players/b/brandel01.html,0,2016,2,81,868
Bill Bradley,https://www.basketball-reference.com/players/b/bradlbi01.html,0,1977,1,82,82
Bruce Bowen,https://www.basketball-reference.com/players/b/bowenbr01.html,0,2009,0,82,646
Chris Bosh,https://www.basketball-reference.com/players/b/boshch01.html,0,2017,11,81,881
Carlos Boozer,https://www.basketball-reference.com/players/b/boozeca01.html,0,2015,2,81,775
Ron Boone,https://www.basketball-reference.com/players/b/boonero01.html,0,1981,4,82,82
Devin Booker,https://www.basketball-reference.com/players/b/bookede01.html,0,2025,4,78,648
Keith Bogans,https://www.basketball-reference.com/players/b/boganke01.html,0,2014,0,82,379
John Block,https://www.basketball-reference.com/players/b/blockjo01.html,0,1976,1,48,96
Mookie Blaylock,https://www.basketball-reference.com/players/b/blaylmo01.html,0,2002,1,81,800
Rolando Blackman,https://www.basketball-reference.com/players/b/blackro01.html,0,1997,4,81,815
Otis Birdsong,https://www.basketball-reference.com/players/b/birdsot01.html,0,1989,4,82,399
Chauncey Billups,https://www.basketball-reference.com/players/b/billuch01.html,0,2014,5,81,1158
Mike Bibby,https://www.basketball-reference.com/players/b/bibbymi01.html,0,2012,0,82,1062
Henry Bibby,https://www.basketball-reference.com/players/b/bibbyhe01.html,0,1981,0,82,208
Saddiq Bey,https://www.basketball-reference.com/players/b/beysa01.html,0,2024,0,82,260
Bradley Beal,https://www.basketball-reference.com/players/b/bealbr01.html,0,2025,3,82,752
Nicolas Batum,https://www.basketball-reference.com/players/b/batumni01.html,0,2025,0,82,909
Shane Battier,https://www.basketball-reference.com/players/b/battish01.html,0,2014,0,82,764
Tony Battie,https://www.basketball-reference.com/players/b/battito01.html,0,2012,0,82,436
Dana Barros,https://www.basketball-reference.com/players/b/barroda01.html,0,2004,1,82,264
Scottie Barnes,https://www.basketball-reference.com/players/b/barnesc01.html,0,2025,1,76,275
Harrison Barnes,https://www.basketball-reference.com/players/b/barneha02.html,0,2025,0,82,1009
Paolo Banchero,https://www.basketball-reference.com/players/b/banchpa01.html,0,2025,1,80,198
Greg Ballard,https://www.basketball-reference.com/players/b/ballagr01.html,0,1989,0,82,337
LaMelo Ball,https://www.basketball-reference.com/players/b/ballla01.html,0,2025,1,75,211
Vin Baker,https://www.basketball-reference.com/players/b/bakervi01.html,0,2006,4,82,637
D.J. Augustin,https://www.basketball-reference.com/players/a/augusdj01.html,0,2022,0,82,371
Stacey Augmon,https://www.basketball-reference.com/players/a/augmost01.html,0,2006,0,82,482
Chucky Atkins,https://www.basketball-reference.com/players/a/atkinch01.html,0,2010,0,82,390
Ömer Aşık,https://www.basketball-reference.com/players/a/asikom01.html,0,2018,0,82,262
Darrell Armstrong,https://www.basketball-reference.com/players/a/armstda01.html,0,2008,0,82,353
B.J. Armstrong,https://www.basketball-reference.com/players/a/armstbj01.html,0,2000,1,82,342
Trevor Ariza,https://www.basketball-reference.com/players/a/arizatr01.html,0,2022,0,82,872
Gilbert Arenas,https://www.basketball-reference.com/players/a/arenagi01.html,0,2013,3,82,471
Shandon Anderson,https://www.basketball-reference.com/players/a/andersh01.html,0,2006,0,82,231
Kenny Anderson,https://www.basketball-reference.com/players/a/anderke01.html,0,2006,1,82,835
Greg Anderson,https://www.basketball-reference.com/players/a/andergr01.html,0,1998,0,82,317
Derek Anderson,https://www.basketball-reference.com/players/a/anderde01.html,0,2008,0,82,401
Al-Farouq Aminu,https://www.basketball-reference.com/players/a/aminual01.html,0,2021,0,82,459
Rafer Alston,https://www.basketball-reference.com/players/a/alstora01.html,0,2011,0,82,566
Jarrett Allen,https://www.basketball-reference.com/players/a/allenja01.html,0,2025,1,82,548
LaMarcus Aldridge,https://www.basketball-reference.com/players/a/aldrila01.html,0,2022,7,81,1020
Danny Ainge,https://www.basketball-reference.com/players/a/aingeda01.html,0,1995,1,81,562
Mark Aguirre,https://www.basketball-reference.com/players/a/aguirma01.html,0,1994,3,80,715
Bam Adebayo,https://www.basketball-reference.com/players/a/adebaba01.html,0,2025,3,78,463
Michael Adams,https://www.basketball-reference.com/players/a/adamsmi01.html,0,1996,1,78,510
Alvan Adams,https://www.basketball-reference.com/players/a/adamsal01.html,0,1988,1,75,342
Shareef Abdur-Rahim,https://www.basketball-reference.com/players/a/abdursh01.html,0,2008,1,82,760
